intent_category,seed_fact,citation_source
Solar System,Jupiter is the largest planet in our solar system and possesses a powerful magnetic field.,NASA JPL
Solar System,A day on Venus is longer than a year on Venus due to its extremely slow retrograde rotation.,NASA Planetary Science
Solar System,Saturn has thousands of individual ringlets composed primarily of water ice and rock.,NASA Cassini Mission
Solar System,Olympus Mons on Mars is the largest known shield volcano in the solar system.,NASA Mars Reconnaissance Orbiter
Solar System,The Sun accounts for approximately 99.86 percent of the total mass of the solar system.,NASA Goddard
Solar System,Mercury experiences temperature swings ranging from minus 180 Celsius at night to 430 Celsius during the day.,NASA MESSENGER Mission
Solar System,Titan is Saturn's largest moon and the only moon in the solar system known to possess a dense nitrogen atmosphere.,ESA Cassini-Huygens
Solar System,Europa harbors a subsurface liquid water ocean beneath its icy crust that may contain more water than Earth's oceans.,NASA Galileo Mission
Solar System,The Kuiper Belt extends from Neptune's orbit out to approximately 50 astronomical units from the Sun.,NASA New Horizons
Solar System,The Oort Cloud is a theoretical spherical cloud of predominantly icy planetesimals surrounding the solar system up to 100000 AU.,NASA JPL
Cosmology,The universe is estimated to be approximately 13.8 billion years old based on cosmic microwave background measurements.,ESA Planck Observatory
Cosmology,Dark energy is responsible for the accelerating expansion rate of the observable universe.,Hubble Space Telescope
Cosmology,Dark matter accounts for roughly 27 percent of the universe's total mass-energy density but does not emit or absorb light.,CERN / ESA
Cosmology,The Cosmic Microwave Background radiation is the thermal remnant echo of the Big Bang dating back to recombination.,NASA WMAP
Cosmology,The observable universe has an estimated diameter of approximately 93 billion light-years.,Astrophysical Journal
Stellar Astrophysics,A supernova is the catastrophic explosion of a massive star at the culmination of its stellar evolution cycle.,NASA Chandra X-ray Observatory
Stellar Astrophysics,Neutron stars are extraordinarily dense stellar remnants composed primarily of closely packed neutrons.,NASA NICER Mission
Stellar Astrophysics,Pulsars are highly magnetized rotating neutron stars that emit focused beams of electromagnetic radiation.,ESO
Stellar Astrophysics,Betelgeuse is a red supergiant star in Orion that is expected to explode as a core-collapse supernova.,ESO VLT
Stellar Astrophysics,The core of the Sun converts 600 million metric tons of hydrogen into helium every second via nuclear fusion.,NASA Solar Dynamics Observatory
Stellar Astrophysics,White dwarfs are supported against gravitational collapse exclusively by electron degeneracy pressure.,Subrahmanyan Chandrasekhar
Stellar Astrophysics,Sirius is the brightest star in the night sky as seen from Earth with an apparent magnitude of minus 1.46.,Hipparcos Star Catalog
Black Holes,The event horizon of a black hole represents the boundary beyond which nothing not even light can escape.,Event Horizon Telescope
Black Holes,Sagittarius A star is the supermassive black hole located at the dynamical center of the Milky Way galaxy.,UCLA Galactic Center Group
Black Holes,The first direct radio image of a black hole silhouette was captured for the supermassive black hole in galaxy M87.,Event Horizon Telescope
Black Holes,Gravitational waves from colliding binary black holes were first directly detected on September 14 2015.,LIGO Scientific Collaboration
Black Holes,Hawking radiation is theoretical thermal radiation predicted to be emitted by black holes due to quantum gravitational effects.,Stephen Hawking
Exoplanets,Proxima Centauri b is the closest known rocky exoplanet orbiting within the habitable zone of our nearest stellar neighbor.,ESO La Silla Observatory
Exoplanets,The TRAPPIST-1 system contains seven Earth-sized terrestrial planets orbiting an ultra-cool red dwarf star.,NASA Spitzer Space Telescope
Exoplanets,Hot Jupiters are gas giant exoplanets with orbital periods shorter than 10 days orbiting perilously close to their host stars.,NASA Kepler Mission
Exoplanets,WASP-76b is an ultra-hot gas giant where iron is vaporized on the day side and condenses as iron rain on the night side.,ESO VLT
Exoplanets,Exoplanet transit spectroscopy allows astronomers to determine atmospheric chemical composition during orbital eclipses.,JWST
Galaxies,The Milky Way is a barred spiral galaxy containing an estimated 100 to 400 billion stars.,ESA Gaia Mission
Galaxies,The Andromeda Galaxy is the nearest major spiral galaxy to the Milky Way and is on a collision course in roughly 4.5 billion years.,Hubble Space Telescope
Galaxies,The Large Magellanic Cloud and Small Magellanic Cloud are dwarf satellite galaxies orbiting the Milky Way.,ESO
Galaxies,Active Galactic Nuclei are compact central regions of galaxies powered by accretion disks feeding supermassive black holes.,NASA NuSTAR
Galaxies,The Hubble Deep Field revealed thousands of distant young galaxies in an apparently empty region of the northern sky.,Hubble Space Telescope
Galaxies,Gravitational lensing occurs when massive galactic clusters bend and magnify light from more distant background galaxies.,Hubble Space Telescope
Space Missions,The James Webb Space Telescope uses a 6.5 meter gold-coated beryllium primary mirror to observe in the infrared spectrum.,NASA / ESA / CSA
Space Missions,The Voyager 1 spacecraft launched in 1977 and became the first human-made object to enter interstellar space in 2012.,NASA JPL
Space Missions,The Perseverance rover is actively caching Martian rock samples in Jezero Crater to search for signs of ancient microbial life.,NASA JPL
Space Missions,The Parker Solar Probe travels closer to the Sun's corona than any previous mission reaching speeds exceeding 600000 km/h.,NASA Goddard / JHUAPL
Space Missions,The New Horizons spacecraft flew past Pluto in July 2015 revealing active nitrogen glaciers and water ice mountains.,NASA New Horizons
Space Missions,The Hubble Space Telescope was deployed into low Earth orbit in April 1990 by Space Shuttle Discovery.,NASA Kennedy Space Center
Planetary Science,Enceladus possesses global subsurface oceans that erupt through cryogenic geysers in its south polar tiger stripe fractures.,NASA Cassini Mission
Planetary Science,The asteroid belt resides between the orbits of Mars and Jupiter containing millions of rocky bodies including Ceres.,NASA Dawn Mission
Planetary Science,Ceres is the largest object in the asteroid belt and is classified as a dwarf planet.,NASA Dawn Mission
Planetary Science,Comet 67P Churyumov-Gerasimenko was orbited and landed on by the Rosetta mission revealing an organic-rich surface.,ESA Rosetta Mission
Planetary Science,Triton is Neptune's largest moon and orbits in a retrograde direction suggesting it was a captured Kuiper Belt dwarf planet.,NASA Voyager 2
Planetary Science,Ganymede is the largest moon in the solar system and is the only known moon with its own internally generated magnetic field.,NASA Juno Mission
